recorded_at,platform,sessions,checkout_sessions,completed_orders,payment_failures,app_release
2024-03-17T12:00:00Z,ios,900,320,251,11,4.16
2024-03-18T12:00:00Z,ios,900,320,118,176,4.17
2024-03-19T12:00:00Z,ios,900,320,121,171,4.17
2024-03-17T12:00:00Z,android,900,320,249,12,4.16
2024-03-18T12:00:00Z,android,900,320,247,13,4.17
2024-03-19T12:00:00Z,android,900,320,250,10,4.17
2024-03-17T12:00:00Z,web,900,320,248,13,4.16
2024-03-18T12:00:00Z,web,900,320,252,11,4.17
2024-03-19T12:00:00Z,web,900,320,250,12,4.17
