recorded_at,product_id,store_id,available_units,incoming_units
2024-07-01T00:00:00Z,P001,IT-MIL-01,84,20
2024-07-08T00:00:00Z,P001,IT-MIL-01,46,0
2024-07-15T00:00:00Z,P001,IT-MIL-01,12,0
2024-07-22T00:00:00Z,P001,IT-MIL-01,4,0
2024-07-01T00:00:00Z,P002,IT-MIL-01,77,20
2024-07-08T00:00:00Z,P002,IT-MIL-01,39,0
2024-07-15T00:00:00Z,P002,IT-MIL-01,9,0
2024-07-22T00:00:00Z,P002,IT-MIL-01,3,0
2024-07-01T00:00:00Z,P003,IT-TUR-01,71,20
2024-07-08T00:00:00Z,P003,IT-TUR-01,36,0
2024-07-15T00:00:00Z,P003,IT-TUR-01,8,0
2024-07-22T00:00:00Z,P003,IT-TUR-01,2,0
2024-07-01T00:00:00Z,P001,IT-WEB-01,105,30
2024-07-08T00:00:00Z,P001,IT-WEB-01,102,30
2024-07-15T00:00:00Z,P001,IT-WEB-01,98,30
2024-07-22T00:00:00Z,P001,IT-WEB-01,96,30
