occurred_at,event_id,product_id,store_id,units,revenue,channel,platform,payment_method,payment_status,app_release
2024-07-01T12:00:00Z,EV-0701-001,P001,IT-MIL-01,18,1782.00,store,,,completed,
2024-07-08T12:00:00Z,EV-0708-001,P001,IT-MIL-01,17,1683.00,store,,,completed,
2024-07-15T12:00:00Z,EV-0715-001,P001,IT-MIL-01,5,495.00,store,,,completed,
2024-07-22T12:00:00Z,EV-0722-001,P001,IT-MIL-01,2,198.00,store,,,completed,
2024-07-01T12:00:00Z,EV-0701-002,P002,IT-MIL-01,14,2226.00,store,,,completed,
2024-07-08T12:00:00Z,EV-0708-002,P002,IT-MIL-01,15,2385.00,store,,,completed,
2024-07-15T12:00:00Z,EV-0715-002,P002,IT-MIL-01,4,636.00,store,,,completed,
2024-07-22T12:00:00Z,EV-0722-002,P002,IT-MIL-01,1,159.00,store,,,completed,
2024-07-01T12:00:00Z,EV-0701-003,P003,IT-TUR-01,13,2015.00,store,,,completed,
2024-07-08T12:00:00Z,EV-0708-003,P003,IT-TUR-01,12,1860.00,store,,,completed,
2024-07-15T12:00:00Z,EV-0715-003,P003,IT-TUR-01,3,465.00,store,,,completed,
2024-07-22T12:00:00Z,EV-0722-003,P003,IT-TUR-01,1,155.00,store,,,completed,
2024-07-01T12:00:00Z,EV-0701-004,P004,IT-MIL-01,10,290.00,store,,,completed,
2024-07-08T12:00:00Z,EV-0708-004,P004,IT-MIL-01,11,319.00,store,,,completed,
2024-07-15T12:00:00Z,EV-0715-004,P004,IT-MIL-01,10,290.00,store,,,completed,
2024-07-22T12:00:00Z,EV-0722-004,P004,IT-MIL-01,10,290.00,store,,,completed,
2024-07-01T12:00:00Z,EV-0701-WEB,P001,IT-WEB-01,21,2079.00,online,web,card,completed,4.16
2024-07-08T12:00:00Z,EV-0708-WEB,P001,IT-WEB-01,20,1980.00,online,web,card,completed,4.16
2024-07-15T12:00:00Z,EV-0715-WEB,P001,IT-WEB-01,22,2178.00,online,web,card,completed,4.16
2024-07-22T12:00:00Z,EV-0722-WEB,P001,IT-WEB-01,20,1980.00,online,web,card,completed,4.16
