id,name,category_id,supplier_id,supplier_unit_cost
P001,Shell Jacket 001,C01,S17,16.99
P002,Travel Mug 002,C02,S04,21.12
P003,Charging Hub 003,C03,S11,25.80
P004,Luggage Scale 004,C04,S07,31.27
P005,Training Towel 005,C05,S03,35.57
P006,Trail Backpack 006,C01,S17,37.83
P007,Storage Basket 007,C02,S06,46.34
P008,Wireless Speaker 008,C03,S02,49.68
P009,Neck Pillow 009,C04,S09,53.81
P010,Water Bottle 010,C05,S05,59.27
P011,Day Pack 011,C01,S17,64.99
P012,Lantern 012,C02,S08,68.75
P013,Gps Watch 013,C03,S04,74.55
P014,Passport Wallet 014,C04,S11,76.75
P015,Foam Roller 015,C05,S07,80.69
P016,Rain Cover 016,C01,S17,88.06
P017,Kitchen Scale 017,C02,S10,91.46
P018,Action Camera 018,C03,S06,93.98
P019,Carry-On Bag 019,C04,S02,98.55
P020,Running Belt 020,C05,S09,103.88
P021,Camp Stove 021,C01,S05,107.84
P022,Desk Light 022,C02,S01,116.48
P023,Tablet Stand 023,C03,S08,120.00
P024,Packing Cubes 024,C04,S04,124.74
P025,Yoga Mat 025,C05,S11,130.89
P026,Trekking Poles 026,C01,S07,133.49
P027,Wool Throw 027,C02,S03,138.19
P028,Headphones 028,C03,S10,142.26
P029,Toiletry Bag 029,C04,S06,13.49
P030,Resistance Band 030,C05,S02,14.75
P031,Shell Jacket 031,C01,S09,22.73
P032,Travel Mug 032,C02,S05,27.36
P033,Charging Hub 033,C03,S01,30.73
P034,Luggage Scale 034,C04,S08,32.85
P035,Training Towel 035,C05,S04,38.56
P036,Trail Backpack 036,C01,S11,42.22
P037,Storage Basket 037,C02,S07,48.19
P038,Wireless Speaker 038,C03,S03,56.24
P039,Neck Pillow 039,C04,S10,58.81
P040,Water Bottle 040,C05,S06,61.74
P041,Day Pack 041,C01,S02,66.26
P042,Lantern 042,C02,S09,71.09
P043,Gps Watch 043,C03,S05,74.91
P044,Passport Wallet 044,C04,S01,80.58
P045,Foam Roller 045,C05,S08,86.79
P046,Rain Cover 046,C01,S04,89.92
P047,Kitchen Scale 047,C02,S11,95.26
P048,Action Camera 048,C03,S07,98.96
P049,Carry-On Bag 049,C04,S03,106.50
P050,Running Belt 050,C05,S10,109.64
P051,Camp Stove 051,C01,S06,112.47
P052,Desk Light 052,C02,S02,118.98
P053,Tablet Stand 053,C03,S09,123.76
P054,Packing Cubes 054,C04,S05,129.31
P055,Yoga Mat 055,C05,S01,131.78
P056,Trekking Poles 056,C01,S08,137.22
P057,Wool Throw 057,C02,S04,143.49
P058,Headphones 058,C03,S11,13.19
P059,Toiletry Bag 059,C04,S07,14.71
P060,Resistance Band 060,C05,S03,19.10
P061,Shell Jacket 061,C01,S10,27.86
P062,Travel Mug 062,C02,S06,28.44
P063,Charging Hub 063,C03,S02,37.02
P064,Luggage Scale 064,C04,S09,42.03
P065,Training Towel 065,C05,S05,44.74
P066,Trail Backpack 066,C01,S01,49.76
P067,Storage Basket 067,C02,S08,52.14
P068,Wireless Speaker 068,C03,S04,60.80
P069,Neck Pillow 069,C04,S11,63.65
P070,Water Bottle 070,C05,S07,65.52
P071,Day Pack 071,C01,S03,74.38
P072,Lantern 072,C02,S10,75.33
P073,Gps Watch 073,C03,S06,80.69
P074,Passport Wallet 074,C04,S02,87.13
P075,Foam Roller 075,C05,S09,90.18
P076,Rain Cover 076,C01,S05,97.29
P077,Kitchen Scale 077,C02,S01,103.17
P078,Action Camera 078,C03,S08,105.04
P079,Carry-On Bag 079,C04,S04,109.45
P080,Running Belt 080,C05,S11,117.01
P081,Camp Stove 081,C01,S07,121.82
P082,Desk Light 082,C02,S03,125.35
P083,Tablet Stand 083,C03,S10,130.61
P084,Packing Cubes 084,C04,S06,131.92
P085,Yoga Mat 085,C05,S02,137.16
P086,Trekking Poles 086,C01,S09,141.07
P087,Wool Throw 087,C02,S05,11.59
P088,Headphones 088,C03,S01,16.39
P089,Toiletry Bag 089,C04,S08,18.98
P090,Resistance Band 090,C05,S04,27.40
P091,Shell Jacket 091,C01,S11,30.51
P092,Travel Mug 092,C02,S07,35.12
P093,Charging Hub 093,C03,S03,42.13
P094,Luggage Scale 094,C04,S10,46.44
P095,Training Towel 095,C05,S06,50.98
P096,Trail Backpack 096,C01,S02,56.08
P097,Storage Basket 097,C02,S09,59.51
P098,Wireless Speaker 098,C03,S05,65.50
P099,Neck Pillow 099,C04,S01,69.96
P100,Water Bottle 100,C05,S08,72.37
P101,Day Pack 101,C01,S04,79.55
P102,Lantern 102,C02,S11,82.69
P103,Gps Watch 103,C03,S07,87.27
P104,Passport Wallet 104,C04,S03,89.94
P105,Foam Roller 105,C05,S10,93.96
P106,Rain Cover 106,C01,S06,101.45
P107,Kitchen Scale 107,C02,S02,105.73
P108,Action Camera 108,C03,S09,110.98
P109,Carry-On Bag 109,C04,S05,116.94
P110,Running Belt 110,C05,S01,121.80
P111,Camp Stove 111,C01,S08,122.14
P112,Desk Light 112,C02,S04,127.30
P113,Tablet Stand 113,C03,S11,135.54
P114,Packing Cubes 114,C04,S07,137.53
P115,Yoga Mat 115,C05,S03,144.08
P116,Trekking Poles 116,C01,S10,13.82
P117,Wool Throw 117,C02,S06,14.39
P118,Headphones 118,C03,S02,22.21
P119,Toiletry Bag 119,C04,S09,23.21
P120,Resistance Band 120,C05,S05,31.53
P121,Shell Jacket 121,C01,S01,34.87
P122,Travel Mug 122,C02,S08,37.90
P123,Charging Hub 123,C03,S04,46.82
P124,Luggage Scale 124,C04,S11,48.58
P125,Training Towel 125,C05,S07,51.37
P126,Trail Backpack 126,C01,S03,59.81
P127,Storage Basket 127,C02,S10,64.42
P128,Wireless Speaker 128,C03,S06,69.19
P129,Neck Pillow 129,C04,S02,74.84
P130,Water Bottle 130,C05,S09,77.56
P131,Day Pack 131,C01,S05,81.18
P132,Lantern 132,C02,S01,85.11
P133,Gps Watch 133,C03,S08,89.35
P134,Passport Wallet 134,C04,S04,98.20
P135,Foam Roller 135,C05,S11,103.14
P136,Rain Cover 136,C01,S07,104.26
P137,Kitchen Scale 137,C02,S03,110.25
P138,Action Camera 138,C03,S10,114.57
P139,Carry-On Bag 139,C04,S06,120.81
P140,Running Belt 140,C05,S02,126.14
P141,Camp Stove 141,C01,S09,131.31
P142,Desk Light 142,C02,S05,132.15
P143,Tablet Stand 143,C03,S01,139.29
P144,Packing Cubes 144,C04,S08,143.05
P145,Yoga Mat 145,C05,S04,12.02
P146,Trekking Poles 146,C01,S11,16.47
P147,Wool Throw 147,C02,S07,19.92
P148,Headphones 148,C03,S03,24.78
P149,Toiletry Bag 149,C04,S10,31.85
P150,Resistance Band 150,C05,S06,35.06
P151,Shell Jacket 151,C01,S02,40.52
P152,Travel Mug 152,C02,S09,44.94
P153,Charging Hub 153,C03,S05,47.20
P154,Luggage Scale 154,C04,S01,54.32
P155,Training Towel 155,C05,S08,58.25
P156,Trail Backpack 156,C01,S04,61.05
P157,Storage Basket 157,C02,S11,67.73
P158,Wireless Speaker 158,C03,S07,74.57
P159,Neck Pillow 159,C04,S03,77.58
P160,Water Bottle 160,C05,S10,83.45
P161,Day Pack 161,C01,S06,86.59
P162,Lantern 162,C02,S02,93.66
P163,Gps Watch 163,C03,S09,94.55
P164,Passport Wallet 164,C04,S05,101.31
P165,Foam Roller 165,C05,S01,105.18
P166,Rain Cover 166,C01,S08,111.26
P167,Kitchen Scale 167,C02,S04,116.56
P168,Action Camera 168,C03,S11,117.80
P169,Carry-On Bag 169,C04,S07,121.93
P170,Running Belt 170,C05,S03,127.42
P171,Camp Stove 171,C01,S10,134.92
P172,Desk Light 172,C02,S06,136.82
P173,Tablet Stand 173,C03,S02,144.66
P174,Packing Cubes 174,C04,S09,12.89
P175,Yoga Mat 175,C05,S05,16.86
P176,Trekking Poles 176,C01,S01,23.16
P177,Wool Throw 177,C02,S08,26.99
P178,Headphones 178,C03,S04,29.99
P179,Toiletry Bag 179,C04,S11,33.99
P180,Resistance Band 180,C05,S07,41.35
P181,Shell Jacket 181,C01,S03,43.44
P182,Travel Mug 182,C02,S10,48.45
P183,Charging Hub 183,C03,S06,53.69
P184,Luggage Scale 184,C04,S02,60.61
P185,Training Towel 185,C05,S09,62.27
P186,Trail Backpack 186,C01,S05,67.88
P187,Storage Basket 187,C02,S01,70.86
P188,Wireless Speaker 188,C03,S08,79.71
P189,Neck Pillow 189,C04,S04,81.96
P190,Water Bottle 190,C05,S11,87.54
P191,Day Pack 191,C01,S07,89.20
P192,Lantern 192,C02,S03,93.65
P193,Gps Watch 193,C03,S10,100.30
P194,Passport Wallet 194,C04,S06,104.22
P195,Foam Roller 195,C05,S02,110.89
P196,Rain Cover 196,C01,S09,116.78
P197,Kitchen Scale 197,C02,S05,122.07
P198,Action Camera 198,C03,S01,122.35
P199,Carry-On Bag 199,C04,S08,129.22
P200,Running Belt 200,C05,S04,133.56
P201,Camp Stove 201,C01,S11,137.61
P202,Desk Light 202,C02,S07,144.21
P203,Tablet Stand 203,C03,S03,13.43
P204,Packing Cubes 204,C04,S10,17.83
P205,Yoga Mat 205,C05,S06,18.65
P206,Trekking Poles 206,C01,S02,27.52
P207,Wool Throw 207,C02,S09,30.47
P208,Headphones 208,C03,S05,36.05
P209,Toiletry Bag 209,C04,S01,39.51
P210,Resistance Band 210,C05,S08,42.18
P211,Shell Jacket 211,C01,S04,50.17
P212,Travel Mug 212,C02,S11,55.25
P213,Charging Hub 213,C03,S07,60.04
P214,Luggage Scale 214,C04,S03,60.84
P215,Training Towel 215,C05,S10,67.58
P216,Trail Backpack 216,C01,S06,74.19
P217,Storage Basket 217,C02,S02,76.83
P218,Wireless Speaker 218,C03,S09,82.53
P219,Neck Pillow 219,C04,S05,87.35
P220,Water Bottle 220,C05,S01,92.78
P221,Day Pack 221,C01,S08,94.09
P222,Lantern 222,C02,S04,103.05
P223,Gps Watch 223,C03,S11,103.30
P224,Passport Wallet 224,C04,S07,108.69
P225,Foam Roller 225,C05,S03,116.22
P226,Rain Cover 226,C01,S10,118.70
P227,Kitchen Scale 227,C02,S06,124.29
P228,Action Camera 228,C03,S02,128.83
P229,Carry-On Bag 229,C04,S09,135.98
P230,Running Belt 230,C05,S05,140.57
P231,Camp Stove 231,C01,S01,144.80
P232,Desk Light 232,C02,S08,12.36
P233,Tablet Stand 233,C03,S04,15.71
P234,Packing Cubes 234,C04,S11,21.79
P235,Yoga Mat 235,C05,S07,26.69
P236,Trekking Poles 236,C01,S03,28.80
P237,Wool Throw 237,C02,S10,33.25
P238,Headphones 238,C03,S06,39.61
P239,Toiletry Bag 239,C04,S02,42.01
P240,Resistance Band 240,C05,S09,48.09
