id,product_id,starts_on,ends_on,discount_pct
PR-001,P012,2024-01-08,2024-01-21,10.00
PR-002,P023,2024-01-15,2024-01-28,15.00
PR-003,P034,2024-01-22,2024-02-04,20.00
PR-004,P045,2024-01-29,2024-02-11,5.00
PR-005,P056,2024-02-05,2024-02-18,10.00
PR-006,P067,2024-02-12,2024-02-25,15.00
PR-007,P078,2024-02-19,2024-03-03,20.00
PR-008,P089,2024-02-26,2024-03-10,5.00
PR-009,P100,2024-03-04,2024-03-17,10.00
PR-010,P111,2024-03-11,2024-03-24,15.00
PR-011,P122,2024-03-18,2024-03-31,20.00
PR-012,P133,2024-03-25,2024-04-07,5.00
PR-013,P144,2024-04-01,2024-04-14,10.00
PR-014,P155,2024-04-08,2024-04-21,15.00
PR-015,P166,2024-04-15,2024-04-28,20.00
PR-016,P177,2024-04-22,2024-05-05,5.00
PR-017,P188,2024-04-29,2024-05-12,10.00
PR-018,P199,2024-05-06,2024-05-19,15.00
PR-019,P210,2024-05-13,2024-05-26,20.00
PR-020,P221,2024-05-20,2024-06-02,5.00
PR-021,P232,2024-05-27,2024-06-09,10.00
PR-022,P003,2024-06-03,2024-06-16,15.00
PR-023,P014,2024-06-10,2024-06-23,20.00
PR-024,P025,2024-06-17,2024-06-30,5.00
PR-025,P036,2024-06-24,2024-07-07,10.00
PR-026,P047,2024-07-01,2024-07-14,15.00
PR-027,P058,2024-07-08,2024-07-21,20.00
PR-028,P069,2024-07-15,2024-07-28,5.00
PR-029,P080,2024-07-22,2024-08-04,10.00
PR-030,P091,2024-07-29,2024-08-11,15.00
PR-031,P102,2024-08-05,2024-08-18,20.00
PR-032,P113,2024-08-12,2024-08-25,5.00
PR-033,P124,2024-08-19,2024-09-01,10.00
PR-034,P135,2024-08-26,2024-09-08,15.00
PR-035,P146,2024-09-02,2024-09-15,20.00
PR-036,P157,2024-09-09,2024-09-22,5.00
PR-037,P168,2024-09-16,2024-09-29,10.00
PR-038,P179,2024-09-23,2024-10-06,15.00
PR-039,P190,2024-09-30,2024-10-13,20.00
PR-040,P201,2024-10-07,2024-10-20,5.00
PR-041,P212,2024-10-14,2024-10-27,10.00
PR-042,P223,2024-10-21,2024-11-03,15.00
PR-043,P234,2024-10-28,2024-11-10,20.00
PR-044,P005,2024-11-04,2024-11-17,5.00
PR-045,P016,2024-11-11,2024-11-24,10.00
PR-046,P027,2024-11-18,2024-12-01,15.00
PR-047,P038,2024-11-25,2024-12-08,20.00
PR-048,P049,2024-01-02,2024-01-15,5.00
